<?xml version="1.0" encoding="UTF-8" ?>
<!DOCTYPE configuration
        PUBLIC "-//mybatis.org//DTD Config 3.0//EN"
        "http://mybatis.org/dtd/mybatis-3-config.dtd">
<!--Mybatis的全局配置文件-->
<configuration>
<!--1.配置开发环境-->
    <environments default="test">
        <environment id="test">
            <!--1.1配置事务管理方式 Type的取值可以是：
            JDBC:将十五交给JDBC来管理
            MANAGED:自己管理事务
            -->
            <transactionManager type="JDBC"></transactionManager>
            <!--1.2配置连接池（数据源）
            type可取值为
            POOLED：使用链接池
            UnPOOLED不使用连接池
            JNDL:已过时
            -->

            <dataSource type="POOLED">
                <property name="driver" value="com.mysql.jdbc.Driver"/>
                <property name="url" value="jdbc:mysql://localhost:3306/yonghedb"/>
                <property name="username" value="root"/>
                <property name="password" value=""/>
            </dataSource>

        </environment>
    </environments>
    <!--2.导入Mapper配置文件-->
    <mappers>
        <!--resource属性指定mapper文件的路径如果有多个mapper文件可以通过多个mapper标签来导入，基于类目录来寻找配置文件-->
        <mapper resource="EmpMapper.xml"></mapper>
    </mappers>
</configuration>
